{"info":{"_postman_id":"2ebad825-8896-4f29-b225-686539000e09","name":"Doctor Microservice","schema":"https://schema.getpostman.com/json/collection/v2.1.0/collection.json"},"item":[{"name":"Doctors Microservice","id":"ff94d975-65af-4377-993b-82996062b471","protocolProfileBehavior":{"disableBodyPruning":true},"request":{"method":"GET","header":[{"key":"Content-Type","value":"application/json","type":"text","disabled":true},{"key":"Authorization","value":"Bearer {{JWT}}","type":"text"}],"url":{"raw":"http://localhost:9090/api/v1/doctors-ms/","protocol":"http","host":["localhost"],"port":"9090","path":["api","v1","doctors-ms",""]}},"response":[]},{"name":"Doctors Microservice - Invalid JWT","id":"00d318a4-ab93-49d5-b008-77a5f3189d17","protocolProfileBehavior":{"disableBodyPruning":true},"request":{"method":"GET","header":[{"key":"Content-Type","value":"application/json","type":"text","disabled":true},{"key":"Authorization","value":"Bearer yJhbGciOiJIUzI1NiJ9.eyJzdWIiOiIxMjM0NTY3ODk5IiwiZXhwIjoxNjYwOTc5MzQwLCJpYXQiOjE2NjA4OTI5NDB9.vtkAROYl6FESfVB2qCHoBvCPDqibEnTP73SHspQTJ3E","type":"text"}],"url":{"raw":"http://localhost:9090/api/v1/doctors-ms/","protocol":"http","host":["localhost"],"port":"9090","path":["api","v1","doctors-ms",""]},"description":"Invalid Token"},"response":[]},{"name":"Doctors Microservice - expired JWT","id":"ab8a5673-6b18-45e1-8de8-f3cf4caf974d","protocolProfileBehavior":{"disableBodyPruning":true},"request":{"method":"GET","header":[{"key":"Content-Type","value":"application/json","type":"text","disabled":true},{"key":"Authorization","value":"Bearer eyJhbGciOiJIUzI1NiJ9.eyJzdWIiOiIxMjM0NTY3ODkwIiwiZXhwIjoxNjYwODk2Mzk2LCJpYXQiOjE2NjA4OTYzOTV9.q9tai3NBds4Yh1wiK0cv9t_oklhwxdD-AsGFPiFDhk0","type":"text"}],"url":{"raw":"http://localhost:9090/api/v1/doctors-ms/","protocol":"http","host":["localhost"],"port":"9090","path":["api","v1","doctors-ms",""]},"description":"expired Token"},"response":[]},{"name":"GET All Doctors","id":"1a4361f1-2545-4776-993c-79821ddd08d4","protocolProfileBehavior":{"disableBodyPruning":true},"request":{"method":"GET","header":[{"key":"Authorization","value":"Bearer {{JWT}}","type":"text"},{"key":"Content-Type","value":"application/json","type":"text"}],"url":{"raw":"http://localhost:9090/api/v1/doctors-ms/doctors","protocol":"http","host":["localhost"],"port":"9090","path":["api","v1","doctors-ms","doctors"]}},"response":[]},{"name":"GET Doctor with valid ID","id":"c8e7d3cb-a3aa-4a69-b365-ddbc6bcc6121","protocolProfileBehavior":{"disableBodyPruning":true},"request":{"method":"GET","header":[{"key":"Authorization","value":"Bearer {{JWT}}","type":"text"},{"key":"Content-Type","value":"application/json","type":"text"}],"url":{"raw":"http://localhost:9090/api/v1/doctors-ms/doctors/1234567899","protocol":"http","host":["localhost"],"port":"9090","path":["api","v1","doctors-ms","doctors","1234567899"]}},"response":[]},{"name":"GET Doctor with invalid ID","id":"6b5ccda9-a72e-4dd7-baaa-1865ed8d5e6f","protocolProfileBehavior":{"disableBodyPruning":true},"request":{"method":"GET","header":[{"key":"Authorization","value":"Bearer {{JWT}}","type":"text"},{"key":"Content-Type","value":"application/json","type":"text"}],"url":{"raw":"http://localhost:9090/api/v1/doctors-ms/doctors/1234567888","protocol":"http","host":["localhost"],"port":"9090","path":["api","v1","doctors-ms","doctors","1234567888"]}},"response":[]},{"name":"GET Doctors with search query","id":"c3db8184-9f7e-40e5-a691-94ce317b0a5c","protocolProfileBehavior":{"disableBodyPruning":true},"request":{"method":"GET","header":[{"key":"Authorization","value":"Bearer {{JWT}}","type":"text"},{"key":"Content-Type","value":"application/json","type":"text"}],"url":{"raw":"http://localhost:9090/api/v1/doctors-ms/doctors/search/rad","protocol":"http","host":["localhost"],"port":"9090","path":["api","v1","doctors-ms","doctors","search","rad"]}},"response":[]},{"name":"POST - doctor valid signup","id":"f503958d-3df3-4c48-a4c8-133642bea040","protocolProfileBehavior":{"disableBodyPruning":true},"request":{"method":"POST","header":[],"body":{"mode":"raw","raw":"{\n    \"doctor\": {\n        \"mobileNum\": \"1234567888\",\n        \"password\": \"1234\",\n        \"fullName\": \"Dr. Santosh Tharwani\",\n        \"department\": \"GASTROENTEROLOGY\",\n        \"degree\": \"MD (Anaesthesiology), PDCC (Pain & Palliative care)\",\n        \"profileURL\": \"https://balcomedicalcentre.com/uploads/doctor/dr-santosh-tharwani.jpg\"\n    }\n}","options":{"raw":{"language":"json"}}},"url":{"raw":"http://localhost:9090/signup","protocol":"http","host":["localhost"],"port":"9090","path":["signup"]}},"response":[]},{"name":"POST - doctor invalid signup","id":"d973d3b9-7282-4475-bdb4-17e5423d9f72","protocolProfileBehavior":{"disableBodyPruning":true},"request":{"method":"POST","header":[],"body":{"mode":"raw","raw":"{\n    \"doctor\": {\n        \"mobileNum\": \"1234567887\",\n        \"password\": \"1234\",\n        \"fullName\": \"Dr. Santosh Tharwani\",\n        \"department\": \"Gastroenterology\",\n        \"degree\": \"MD (Anaesthesiology), PDCC (Pain & Palliative care)\",\n        \"profileURL\": \"https://balcomedicalcentre.com/uploads/doctor/dr-santosh-tharwani.jpg\"\n    }\n}","options":{"raw":{"language":"json"}}},"url":{"raw":"http://localhost:9090/signup","protocol":"http","host":["localhost"],"port":"9090","path":["signup"]}},"response":[]},{"name":"PUT - valid Doctor","id":"cc1d45a9-501f-464e-8d7d-1bd1114ac0ac","protocolProfileBehavior":{"disableBodyPruning":true},"request":{"method":"PUT","header":[{"key":"Authorization","value":"Bearer {{JWT}}","type":"text"},{"key":"Content-Type","value":"application/json","type":"text"}],"body":{"mode":"raw","raw":"{\n   \"doctor\": { \"mobileNum\": \"1234567899\",\n        \"password\": \"****\",\n        \"fullName\": \"Dr. Santosh Tharwani\",\n        \"department\": \"UNKNOWN\",\n        \"degree\": \"MD (Anaesthesiology), PDCC (Pain & Palliative care)\",\n        \"profileURL\": \"https://balcomedicalcentre.com/uploads/doctor/dr-santosh-tharwani.jpg\"\n        }\n    ,\n    \"doctorDetails\": {\n        \"mobileNum\": \"1234567899\",\n        \"education\": \"NA\",\n        \"workExperience\": \"NA\",\n        \"interest\": \"Medicine\"\n        }\n    \n}"},"url":{"raw":"http://localhost:9090/api/v1/doctors-ms/doctors/1234567899","protocol":"http","host":["localhost"],"port":"9090","path":["api","v1","doctors-ms","doctors","1234567899"]}},"response":[]},{"name":"PUT - invalid Doctor","id":"1b7a89b2-c230-4e95-9bfd-e6888038dfce","protocolProfileBehavior":{"disableBodyPruning":true},"request":{"method":"PUT","header":[{"key":"Authorization","value":"Bearer {{JWT}}","type":"text"},{"key":"Content-Type","value":"application/json","type":"text"}],"body":{"mode":"raw","raw":"{\n    \"doctor\": {\n        \"mobileNum\": \"1234567888\",\n        \"password\": \"****\",\n        \"fullName\": \"Dr. X\",\n        \"department\": \"UNKNOWX\",\n        \"degree\": \"ITUS\",\n        \"profileURL\": \"profile-pic.com\"\n    }\n\n}"},"url":{"raw":"http://localhost:9090/api/v1/doctors-ms/doctors/1234567888","protocol":"http","host":["localhost"],"port":"9090","path":["api","v1","doctors-ms","doctors","1234567888"]}},"response":[]},{"name":"DEL - valid doctor","id":"8f3db0ae-e49c-40e7-bcb6-6fb34753d01c","protocolProfileBehavior":{"disableBodyPruning":true},"request":{"method":"DELETE","header":[{"key":"Authorization","value":"Bearer {{JWT}}","type":"text"},{"key":"Content-Type","value":"application/json","type":"text"}],"body":{"mode":"raw","raw":""},"url":{"raw":"http://localhost:9090/api/v1/doctors-ms/doctors/1234567888","protocol":"http","host":["localhost"],"port":"9090","path":["api","v1","doctors-ms","doctors","1234567888"]}},"response":[]},{"name":"DEL - invalid doctor","id":"dc02b90e-11e0-427f-8f57-7b1887a18776","protocolProfileBehavior":{"disableBodyPruning":true},"request":{"method":"DELETE","header":[{"key":"Authorization","value":"Bearer {{JWT}}","type":"text"},{"key":"Content-Type","value":"application/json","type":"text"}],"body":{"mode":"raw","raw":""},"url":{"raw":"http://localhost:9090/api/v1/doctors-ms/doctors/1234567888","protocol":"http","host":["localhost"],"port":"9090","path":["api","v1","doctors-ms","doctors","1234567888"]}},"response":[]},{"name":"POST - valid login","id":"420aa213-9fcc-4ae0-9e2f-708e687e0e1b","protocolProfileBehavior":{"disableBodyPruning":true},"request":{"method":"POST","header":[],"body":{"mode":"raw","raw":"{\n    \"mobileNum\":\"1234567899\",\n    \"password\":\"1234\"\n}","options":{"raw":{"language":"json"}}},"url":{"raw":"http://localhost:9090/login","protocol":"http","host":["localhost"],"port":"9090","path":["login"]}},"response":[]},{"name":"POST - invalid login","id":"c990b55e-6e9a-4215-bfbf-42e89bd3cf4e","protocolProfileBehavior":{"disableBodyPruning":true},"request":{"method":"POST","header":[],"body":{"mode":"raw","raw":"{\n    \"mobileNum\":\"1234567890\",\n    \"password\":\"1234\"\n}","options":{"raw":{"language":"json"}}},"url":{"raw":"http://localhost:9090/login","protocol":"http","host":["localhost"],"port":"9090","path":["login"]}},"response":[]},{"name":"POST - invalid credentials login","id":"a3c7d2e7-5943-41e4-bef2-45f183096f99","protocolProfileBehavior":{"disableBodyPruning":true},"request":{"method":"POST","header":[],"body":{"mode":"raw","raw":"{\n    \"mobileNum\":\"1234567899\",\n    \"password\":\"1235\"\n}","options":{"raw":{"language":"json"}}},"url":{"raw":"http://localhost:9090/login","protocol":"http","host":["localhost"],"port":"9090","path":["login"]}},"response":[]},{"name":"POST - non-existing user login","id":"e1f6949f-d624-4347-bc2b-15aeeff2d7e6","protocolProfileBehavior":{"disableBodyPruning":true},"request":{"method":"POST","header":[],"body":{"mode":"raw","raw":"{\n    \"mobileNum\":\"1234567800\",\n    \"password\":\"1235\"\n}","options":{"raw":{"language":"json"}}},"url":{"raw":"http://localhost:9090/login","protocol":"http","host":["localhost"],"port":"9090","path":["login"]}},"response":[]}]}