{"info":{"_postman_id":"6e7da41e-2f01-4516-a19b-063374422b58","name":"Patient Microservice","schema":"https://schema.getpostman.com/json/collection/v2.1.0/collection.json"},"item":[{"name":"Patient Microservice","id":"b2ccf7ea-8f2f-4bdd-be8f-2796f4af826e","protocolProfileBehavior":{"disableBodyPruning":true},"request":{"method":"GET","header":[{"key":"Authorization","value":"Bearer eyJhbGciOiJIUzI1NiJ9.eyJzdWIiOiIxMjM0NTY3ODg4IiwiZXhwIjoxNjYxNDg3NDc2LCJpYXQiOjE2NjE0MDEwNzZ9.WPnzHSrBDo3dpAznkxrFJH-QLMXRq8QF4vx8jD8drAM","type":"text"}],"url":{"raw":"http://localhost:9000/api/v1/patients-ms/","protocol":"http","host":["localhost"],"port":"9000","path":["api","v1","patients-ms",""]}},"response":[]},{"name":"Patient Microservice - Invalid JWT","id":"d45a636e-df6d-46cb-9138-db0ff0f31f23","protocolProfileBehavior":{"disableBodyPruning":true},"request":{"method":"GET","header":[{"key":"Authorization","value":"Bearer yJhbGciOiJIUzI1NiJ9.eyJzdWIiOiIxMjM0NTY3ODk5IiwiZXhwIjoxNjYwOTc5MzQwLCJpYXQiOjE2NjA4OTI5NDB9.vtkAROYl6FESfVB2qCHoBvCPDqibEnTP73SHspQTJ3E","type":"text"}],"url":{"raw":"http://localhost:9000/api/v1/patients-ms/","protocol":"http","host":["localhost"],"port":"9000","path":["api","v1","patients-ms",""]},"description":"Invalid Token"},"response":[]},{"name":"Patient Microservice - Expired JWT","id":"9daac756-0317-47b2-aac5-69aab6aa3f0f","protocolProfileBehavior":{"disableBodyPruning":true},"request":{"method":"GET","header":[{"key":"Authorization","value":"Bearer eyJhbGciOiJIUzI1NiJ9.eyJzdWIiOiIxMjM0NTY3ODkwIiwiZXhwIjoxNjYwODk2Mzk2LCJpYXQiOjE2NjA4OTYzOTV9.q9tai3NBds4Yh1wiK0cv9t_oklhwxdD-AsGFPiFDhk0","type":"text"}],"url":{"raw":"http://localhost:9000/api/v1/patients-ms/","protocol":"http","host":["localhost"],"port":"9000","path":["api","v1","patients-ms",""]},"description":"expired Token"},"response":[]},{"name":"GET All Patients","id":"d835c93d-4914-41c2-a8b5-91d71bed3ff2","protocolProfileBehavior":{"disableBodyPruning":true},"request":{"method":"GET","header":[{"key":"Authorization","value":"Bearer {{JWT}}","type":"text"}],"url":{"raw":"http://localhost:9000/api/v1/patients-ms/patients","protocol":"http","host":["localhost"],"port":"9000","path":["api","v1","patients-ms","patients"]}},"response":[]},{"name":"GET Patient with valid ID","id":"ca231dcb-df42-42fd-bdf4-4543588d8e60","protocolProfileBehavior":{"disableBodyPruning":true},"request":{"method":"GET","header":[{"key":"Authorization","value":"Bearer {{JWT}}","type":"text"}],"url":{"raw":"http://localhost:9000/api/v1/patients-ms/patients/12345678900","protocol":"http","host":["localhost"],"port":"9000","path":["api","v1","patients-ms","patients","12345678900"]}},"response":[]},{"name":"GET Patient with invalid ID","id":"a35a0789-5b84-4b0e-8601-7ad4a5d6bcc3","protocolProfileBehavior":{"disableBodyPruning":true},"request":{"method":"GET","header":[{"key":"Authorization","value":"Bearer {{JWT}}","type":"text"}],"url":{"raw":"http://localhost:9000/api/v1/patients-ms/patients/1234567800","protocol":"http","host":["localhost"],"port":"9000","path":["api","v1","patients-ms","patients","1234567800"]}},"response":[]},{"name":"POST - patient valid signup","id":"831c4d51-3faf-4dd6-8009-61c19fb311b6","protocolProfileBehavior":{"disableBodyPruning":true},"request":{"method":"POST","header":[],"body":{"mode":"raw","raw":"{\n    \"patient\": {\n        \"mobileNum\": \"1234567888\",\n        \"password\": \"1234\",\n        \"fullName\": \"Patient X\"\n    }\n}","options":{"raw":{"language":"json"}}},"url":{"raw":"http://localhost:9000/signup","protocol":"http","host":["localhost"],"port":"9000","path":["signup"]}},"response":[]},{"name":"POST - patient invalid signup","id":"295933cf-0c4e-4dbf-a60e-ac9db40bc5a8","protocolProfileBehavior":{"disableBodyPruning":true},"request":{"method":"POST","header":[],"body":{"mode":"raw","raw":"{\n    \"mobileNum\":\"1234567888\",\n    \"password\":\"1234\",\n    \"fullName\":\"\"\n}","options":{"raw":{"language":"json"}}},"url":{"raw":"http://localhost:9000/signup","protocol":"http","host":["localhost"],"port":"9000","path":["signup"]}},"response":[]},{"name":"PUT - valid patient","id":"596b14b7-08fc-499d-af06-ac35c35d25ec","protocolProfileBehavior":{"disableBodyPruning":true},"request":{"method":"PUT","header":[{"key":"Authorization","value":"Bearer {{JWT}}","type":"text"}],"body":{"mode":"raw","raw":"{\n    \"patient\": {\n        \"mobileNum\": \"1234567888\",\n        \"password\": \"1234\",\n        \"fullName\": \"Patient Z\"\n    }\n}","options":{"raw":{"language":"json"}}},"url":{"raw":"http://localhost:9000/api/v1/patients-ms/patients/1234567888","protocol":"http","host":["localhost"],"port":"9000","path":["api","v1","patients-ms","patients","1234567888"]}},"response":[]},{"name":"PUT - invalid patient","id":"1b921443-a184-444c-9df3-4fb9bec2ac19","protocolProfileBehavior":{"disableBodyPruning":true},"request":{"method":"PUT","header":[{"key":"Authorization","value":"Bearer {{JWT}}","type":"text"}],"body":{"mode":"raw","raw":"{\n    \"patient\": {\n        \"mobileNum\": \"1234567888\",\n        \"password\": \"1234\"\n        // \"fullName\": \"Patient Z\"\n    }\n}","options":{"raw":{"language":"json"}}},"url":{"raw":"http://localhost:9000/api/v1/patients-ms/patients/1234567888","protocol":"http","host":["localhost"],"port":"9000","path":["api","v1","patients-ms","patients","1234567888"]}},"response":[]},{"name":"DEL - valid patient","id":"c3ccf6d0-269e-4f71-939a-e5f4cb662f87","protocolProfileBehavior":{"disableBodyPruning":true},"request":{"method":"DELETE","header":[{"key":"Authorization","value":"Bearer {{JWT}}","type":"text"}],"body":{"mode":"raw","raw":""},"url":{"raw":"http://localhost:9000/api/v1/patients-ms/patients/1234567888","protocol":"http","host":["localhost"],"port":"9000","path":["api","v1","patients-ms","patients","1234567888"]}},"response":[]},{"name":"DEL - invalid patient","id":"c6328234-2760-49b6-abc3-f562b71e88ed","protocolProfileBehavior":{"disableBodyPruning":true},"request":{"method":"DELETE","header":[{"key":"Authorization","value":"Bearer {{JWT}}","type":"text"}],"body":{"mode":"raw","raw":""},"url":{"raw":"http://localhost:9000/api/v1/patients-ms/patients/1234567888","protocol":"http","host":["localhost"],"port":"9000","path":["api","v1","patients-ms","patients","1234567888"]}},"response":[]},{"name":"POST - valid login","id":"e2e3b589-c2bc-414a-ae39-5b2b3baa9bec","protocolProfileBehavior":{"disableBodyPruning":true},"request":{"method":"POST","header":[],"body":{"mode":"raw","raw":"{\n    \"mobileNum\":\"1234567890\",\n    \"password\":\"1234\"\n}","options":{"raw":{"language":"json"}}},"url":{"raw":"http://localhost:9000/login","protocol":"http","host":["localhost"],"port":"9000","path":["login"]}},"response":[]},{"name":"POST - invalid login","id":"cbe834c9-ab86-4575-8029-b29146a0b417","protocolProfileBehavior":{"disableBodyPruning":true},"request":{"method":"POST","header":[],"body":{"mode":"raw","raw":"{\n    \"mobileNum\":\"1234567899\",\n    \"password\":\"1234\"\n}","options":{"raw":{"language":"json"}}},"url":{"raw":"http://localhost:9000/login","protocol":"http","host":["localhost"],"port":"9000","path":["login"]}},"response":[]},{"name":"POST - invalid credentials login","id":"b353ba4d-896b-4a13-8b3b-148bc14df5b6","protocolProfileBehavior":{"disableBodyPruning":true},"request":{"method":"POST","header":[],"body":{"mode":"raw","raw":"{\n    \"mobileNum\":\"1234567890\",\n    \"password\":\"1235\"\n}","options":{"raw":{"language":"json"}}},"url":{"raw":"http://localhost:9000/login","protocol":"http","host":["localhost"],"port":"9000","path":["login"]}},"response":[]},{"name":"POST - non-existing user login","id":"d6088a59-1da4-4eca-ad1a-6e99ddf9f0b0","protocolProfileBehavior":{"disableBodyPruning":true},"request":{"method":"POST","header":[],"body":{"mode":"raw","raw":"{\n    \"mobileNum\":\"1234567800\",\n    \"password\":\"1234\"\n}","options":{"raw":{"language":"json"}}},"url":{"raw":"http://localhost:9000/login","protocol":"http","host":["localhost"],"port":"9000","path":["login"]}},"response":[]}]}