{"info":{"_postman_id":"997c68ed-9076-46ae-b90f-a8fe5a7ec79a","name":"Payment","schema":"https://schema.getpostman.com/json/collection/v2.1.0/collection.json"},"item":[{"name":"GET - add payment","id":"88622828-22f5-44f0-8142-f459ed201c1b","protocolProfileBehavior":{"disableBodyPruning":true},"request":{"method":"GET","header":[{"key":"Authorization","value":"Bearer {{JWT}}","type":"text"}],"body":{"mode":"raw","raw":"","options":{"raw":{"language":"json"}}},"url":{"raw":"http://localhost:9990/api/v1/payments/pay/7","protocol":"http","host":["localhost"],"port":"9990","path":["api","v1","payments","pay","7"]}},"response":[]}]}