{"info":{"_postman_id":"b44e94fb-0292-4f65-a22b-f14ab6fe10b9","name":"Appointment Microservice","schema":"https://schema.getpostman.com/json/collection/v2.1.0/collection.json"},"item":[{"name":"Appointments Microservice","id":"0ddedbed-afc6-410b-b607-059a8272590e","protocolProfileBehavior":{"disableBodyPruning":true},"request":{"method":"GET","header":[{"key":"Content-Type","value":"application/json","type":"text","disabled":true},{"key":"Authorization","value":"Bearer {{JWT}}","type":"text"}],"url":{"raw":"http://localhost:9990/api/v1/appointments-ms/","protocol":"http","host":["localhost"],"port":"9990","path":["api","v1","appointments-ms",""]}},"response":[]},{"name":"Appointments Microservice - Invalid JWT","id":"380b12b9-c08a-4155-b5a7-33aa3a2882cc","protocolProfileBehavior":{"disableBodyPruning":true},"request":{"method":"GET","header":[{"key":"Content-Type","value":"application/json","type":"text","disabled":true},{"key":"Authorization","value":"Bearer yJhbGciOiJIUzI1NiJ9.eyJzdWIiOiIxMjM0NTY3ODk5IiwiZXhwIjoxNjYwOTc5MzQwLCJpYXQiOjE2NjA4OTI5NDB9.vtkAROYl6FESfVB2qCHoBvCPDqibEnTP73SHspQTJ3E","type":"text"}],"url":{"raw":"http://localhost:9990/api/v1/appointments-ms/","protocol":"http","host":["localhost"],"port":"9990","path":["api","v1","appointments-ms",""]},"description":"Invalid Token"},"response":[]},{"name":"Appointments Microservice - expired JWT","id":"2bafeaf1-c718-4bed-935d-9bdc9b78693b","protocolProfileBehavior":{"disableBodyPruning":true},"request":{"method":"GET","header":[{"key":"Content-Type","value":"application/json","type":"text","disabled":true},{"key":"Authorization","value":"Bearer eyJhbGciOiJIUzI1NiJ9.eyJzdWIiOiIxMjM0NTY3ODkwIiwiZXhwIjoxNjYwODk2Mzk2LCJpYXQiOjE2NjA4OTYzOTV9.q9tai3NBds4Yh1wiK0cv9t_oklhwxdD-AsGFPiFDhk0","type":"text"}],"url":{"raw":"http://localhost:9990/api/v1/appointments-ms/","protocol":"http","host":["localhost"],"port":"9990","path":["api","v1","appointments-ms",""]},"description":"expired Token"},"response":[]},{"name":"GET All Appointments","id":"57dc419d-8591-4aa4-92e8-83d7018adc1d","protocolProfileBehavior":{"disableBodyPruning":true},"request":{"method":"GET","header":[{"key":"Authorization","value":"Bearer {{JWT}}","type":"text"},{"key":"Content-Type","value":"application/json","type":"text"}],"url":{"raw":"http://localhost:9990/api/v1/appointments-ms/appointments","protocol":"http","host":["localhost"],"port":"9990","path":["api","v1","appointments-ms","appointments"]}},"response":[]},{"name":"GET Appointment with valid ID","id":"faee9a04-8c72-4fe3-8c54-c01bb5f4a57e","protocolProfileBehavior":{"disableBodyPruning":true},"request":{"method":"GET","header":[{"key":"Authorization","value":"Bearer {{JWT}}","type":"text"},{"key":"Content-Type","value":"application/json","type":"text"}],"url":{"raw":"http://localhost:9990/api/v1/appointments-ms/appointments/1","protocol":"http","host":["localhost"],"port":"9990","path":["api","v1","appointments-ms","appointments","1"]}},"response":[]},{"name":"GET Appointment with invalid ID","id":"b30537c9-383c-4228-a95f-b988d64c666c","protocolProfileBehavior":{"disableBodyPruning":true},"request":{"method":"GET","header":[{"key":"Authorization","value":"Bearer {{JWT}}","type":"text"},{"key":"Content-Type","value":"application/json","type":"text"}],"url":{"raw":"http://localhost:9990/api/v1/appointments-ms/appointments/-1","protocol":"http","host":["localhost"],"port":"9990","path":["api","v1","appointments-ms","appointments","-1"]}},"response":[]},{"name":"GET All Appointments for patient","id":"ee1bd974-8904-4935-9912-d425b5e0c269","protocolProfileBehavior":{"disableBodyPruning":true},"request":{"method":"GET","header":[{"key":"Authorization","value":"Bearer {{JWT}}","type":"text"},{"key":"Content-Type","value":"application/json","type":"text"}],"url":{"raw":"http://localhost:9990/api/v1/appointments-ms/appointments/patients/1234567890","protocol":"http","host":["localhost"],"port":"9990","path":["api","v1","appointments-ms","appointments","patients","1234567890"]}},"response":[]},{"name":"GET All Appointments for invalid patient","id":"1cfd5f0c-e133-4211-a064-831b6fb9487b","protocolProfileBehavior":{"disableBodyPruning":true},"request":{"method":"GET","header":[{"key":"Authorization","value":"Bearer {{JWT}}","type":"text"},{"key":"Content-Type","value":"application/json","type":"text"}],"url":{"raw":"http://localhost:9990/api/v1/appointments-ms/appointments/patients/1234567899","protocol":"http","host":["localhost"],"port":"9990","path":["api","v1","appointments-ms","appointments","patients","1234567899"]}},"response":[]},{"name":"GET All Appointments for doctor","id":"33e2ab3d-a8e0-4dc3-99e7-c7065b429715","protocolProfileBehavior":{"disableBodyPruning":true},"request":{"method":"GET","header":[{"key":"Authorization","value":"Bearer {{JWT}}","type":"text"},{"key":"Content-Type","value":"application/json","type":"text"}],"url":{"raw":"http://localhost:9990/api/v1/appointments-ms/appointments/doctors/1234567896","protocol":"http","host":["localhost"],"port":"9990","path":["api","v1","appointments-ms","appointments","doctors","1234567896"]}},"response":[]},{"name":"GET All Appointments for invalid doctor","id":"77a0b87e-8e64-454e-bfe9-fcda1e73e7df","protocolProfileBehavior":{"disableBodyPruning":true},"request":{"method":"GET","header":[{"key":"Authorization","value":"Bearer {{JWT}}","type":"text"},{"key":"Content-Type","value":"application/json","type":"text"}],"url":{"raw":"http://localhost:9990/api/v1/appointments-ms/appointments/doctors/1234567890","protocol":"http","host":["localhost"],"port":"9990","path":["api","v1","appointments-ms","appointments","doctors","1234567890"]}},"response":[]},{"name":"GET Free Appointments slots for patient","id":"6d8abce0-6c78-48ca-949f-5b8956c8cc5d","protocolProfileBehavior":{"disableBodyPruning":true},"request":{"method":"GET","header":[{"key":"Authorization","value":"Bearer {{JWT}}","type":"text"},{"key":"Content-Type","value":"application/json","type":"text"}],"url":{"raw":"http://localhost:9990/api/v1/appointments-ms/appointments/free-slots/1234567896/2022-11-20","protocol":"http","host":["localhost"],"port":"9990","path":["api","v1","appointments-ms","appointments","free-slots","1234567896","2022-11-20"]}},"response":[]},{"name":"GET All Appointments for patient by status","id":"eac875a6-e9f7-4878-8a3d-53af03dab3c5","protocolProfileBehavior":{"disableBodyPruning":true},"request":{"method":"GET","header":[{"key":"Authorization","value":"Bearer {{JWT}}","type":"text"},{"key":"Content-Type","value":"application/json","type":"text"}],"url":{"raw":"http://localhost:9990/api/v1/appointments-ms/appointments/patients/1234567890/ACTIVE","protocol":"http","host":["localhost"],"port":"9990","path":["api","v1","appointments-ms","appointments","patients","1234567890","ACTIVE"]}},"response":[]},{"name":"GET All Appointments for doctor by status","id":"df4b049d-8417-4f9e-a4bc-26ade679527c","protocolProfileBehavior":{"disableBodyPruning":true},"request":{"method":"GET","header":[{"key":"Authorization","value":"Bearer {{JWT}}","type":"text"},{"key":"Content-Type","value":"application/json","type":"text"}],"url":{"raw":"http://localhost:9990/api/v1/appointments-ms/appointments/doctors/1234567896/ACTIVE","protocol":"http","host":["localhost"],"port":"9990","path":["api","v1","appointments-ms","appointments","doctors","1234567896","ACTIVE"]}},"response":[]},{"name":"POST - add valid appointment","id":"d00964e2-74b9-46e7-b648-d893b66ef240","protocolProfileBehavior":{"disableBodyPruning":true},"request":{"method":"POST","header":[{"key":"Authorization","value":"Bearer {{JWT}}","type":"text"}],"body":{"mode":"raw","raw":"{\n    \"appointment\": {\n        \"doctorId\": \"1234567899\",\n        \"patientId\": \"1234567890\",\n        \"appointmentDate\": \"2022-11-30\",\n        \"slot\": \"MORNING2\",\n        \"status\": \"ACTIVE\",\n        \"message\": \"Medical Summary Reports provide an overview of the your personal history, occupational history, health history, psychiatric history, and functioning. These reports are often created by case workers. Ideally, they are also co-signed by the applicant’s doctor, psychologist, or psychiatrist.\"\n        \n    }\n}","options":{"raw":{"language":"json"}}},"url":{"raw":"http://localhost:9990/api/v1/appointments-ms/appointments/","protocol":"http","host":["localhost"],"port":"9990","path":["api","v1","appointments-ms","appointments",""]}},"response":[]},{"name":"POST - add invalid appointment","id":"d4c52537-4f4d-4298-8632-ecda64ab1862","protocolProfileBehavior":{"disableBodyPruning":true},"request":{"method":"POST","header":[{"key":"Authorization","value":"Bearer {{JWT}}","type":"text"}],"body":{"mode":"raw","raw":"{\n    \"appointment\": {\n        \"doctorId\": \"1234567899\",\n        \"patientId\": \"1234567890\",\n        \"appointmentDate\": \"2022-11-30\",\n        \"slot\": \"MORNING5\",\n        \"status\": \"ACTIVE\",\n        \"message\": \"Medical Summary Reports provide an overview of the your personal history, occupational history, health history, psychiatric history, and functioning. These reports are often created by case workers. Ideally, they are also co-signed by the applicant’s doctor, psychologist, or psychiatrist.\"\n    }\n}","options":{"raw":{"language":"json"}}},"url":{"raw":"http://localhost:9990/api/v1/appointments-ms/appointments/","protocol":"http","host":["localhost"],"port":"9990","path":["api","v1","appointments-ms","appointments",""]}},"response":[]},{"name":"PUT - valid Appointment","id":"b120a350-f6d5-4fcc-a4cc-388568ca0f58","protocolProfileBehavior":{"disableBodyPruning":true},"request":{"method":"PUT","header":[{"key":"Authorization","value":"Bearer {{JWT}}","type":"text"},{"key":"Content-Type","value":"application/json","type":"text"}],"body":{"mode":"raw","raw":"{\n    \"appointment\": {\n        \"doctorId\": \"1234567896\",\n        \"patientId\": \"1234567890\",\n        \"appointmentDate\": \"2022-11-21\",\n        \"slot\": \"EVENING1\",\n        \"status\": \"ACTIVE\",\n        \"message\": \"Medical Summary Reports provide an overview of the your personal history, occupational history, health history, psychiatric history, and functioning. These reports are often created by case workers. Ideally, they are also co-signed by the applicant’s doctor, psychologist, or psychiatrist.\"\n    }\n}"},"url":{"raw":"http://localhost:9990/api/v1/appointments-ms/appointments/7","protocol":"http","host":["localhost"],"port":"9990","path":["api","v1","appointments-ms","appointments","7"]}},"response":[]},{"name":"PUT - invalid Appointment","id":"79dd84c7-d9dc-4ee9-bd98-18f32f7cbb19","protocolProfileBehavior":{"disableBodyPruning":true},"request":{"method":"PUT","header":[{"key":"Authorization","value":"Bearer {{JWT}}","type":"text"},{"key":"Content-Type","value":"application/json","type":"text"}],"body":{"mode":"raw","raw":"{\n    \"appointment\": {\n        \"doctorId\": \"1234567896\",\n        \"patientId\": \"1234567890\",\n        \"appointmentDate\": \"2022-11-21\",\n        \"slot\": \"EVENING3\",\n        \"status\": \"ACTIVE\",\n        \"message\": \"Medical Summary Reports provide an overview of the your personal history, occupational history, health history, psychiatric history, and functioning. These reports are often created by case workers. Ideally, they are also co-signed by the applicant’s doctor, psychologist, or psychiatrist.\"\n    }\n}"},"url":{"raw":"http://localhost:9990/api/v1/appointments-ms/appointments/7","protocol":"http","host":["localhost"],"port":"9990","path":["api","v1","appointments-ms","appointments","7"]}},"response":[]},{"name":"DEL - valid appointment","id":"75d3b80d-8dfe-4ab6-ad04-f4b895d0bf98","protocolProfileBehavior":{"disableBodyPruning":true},"request":{"method":"DELETE","header":[{"key":"Authorization","value":"Bearer {{JWT}}","type":"text"},{"key":"Content-Type","value":"application/json","type":"text"}],"body":{"mode":"raw","raw":""},"url":{"raw":"http://localhost:9990/api/v1/appointments-ms/appointments/7","protocol":"http","host":["localhost"],"port":"9990","path":["api","v1","appointments-ms","appointments","7"]}},"response":[]},{"name":"DEL - invalid appointment","id":"8429d5c6-dd0b-470e-91a5-a188057f1de9","protocolProfileBehavior":{"disableBodyPruning":true},"request":{"method":"DELETE","header":[{"key":"Authorization","value":"Bearer {{JWT}}","type":"text"},{"key":"Content-Type","value":"application/json","type":"text"}],"body":{"mode":"raw","raw":""},"url":{"raw":"http://localhost:9990/api/v1/appointments-ms/appointments/-1","protocol":"http","host":["localhost"],"port":"9990","path":["api","v1","appointments-ms","appointments","-1"]}},"response":[]}]}