{"info":{"_postman_id":"e1f841bf-5251-42f7-ab38-baf44b8424dd","name":"JWT Authentication","schema":"https://schema.getpostman.com/json/collection/v2.1.0/collection.json"},"item":[{"name":"http://localhost:9000/login","id":"89259da6-c066-4743-9d47-4661c216ab4a","protocolProfileBehavior":{"disableBodyPruning":true},"request":{"method":"POST","header":[],"body":{"mode":"raw","raw":"{\n    \"mobileNum\":\"1234567890\",\n    \"password\":\"1234\"\n}","options":{"raw":{"language":"json"}}},"url":{"raw":"http://localhost:9000/login","protocol":"http","host":["localhost"],"port":"9000","path":["login"]}},"response":[]},{"name":"http://localhost:9000/login","id":"34facc8f-3a74-4c7e-aac7-aea841b348fa","protocolProfileBehavior":{"disableBodyPruning":true},"request":{"method":"POST","header":[],"body":{"mode":"raw","raw":"{\n    \"mobileNum\":\"1234567888\",\n    \"password\":\"1234\"\n}","options":{"raw":{"language":"json"}}},"url":{"raw":"http://localhost:9000/login","protocol":"http","host":["localhost"],"port":"9000","path":["login"]},"description":"non-exiting user"},"response":[]},{"name":"http://localhost:9000/login","id":"d46c5cdd-4d13-4b1b-83ec-3370447db20c","protocolProfileBehavior":{"disableBodyPruning":true},"request":{"method":"POST","header":[],"body":{"mode":"raw","raw":"{\n    \"mobileNum\":\"1234567890\",\n    \"password\":\"1235\"\n}","options":{"raw":{"language":"json"}}},"url":{"raw":"http://localhost:9000/login","protocol":"http","host":["localhost"],"port":"9000","path":["login"]},"description":"invalid credentials"},"response":[]}]}